{
  "bot": {
    "0": {
      "content": [
        "Привет!",
        "Я Джаред - бот поддержки сайта <a href=\"http://trudinfo.h1n.ru\" target=\"_blank\">trudinfo.h1n.ru</a>"
      ],
      "human": [0, 1, 2]
    },
    "1": { "content": "Я тоже рад, как мне к Вам обращаться?", "human": [3] },
    "2": { "content": "Как мне к Вам обращаться?", "human": [3] },
    "3": { "content": "{{name}}, что Вас интересует?", "human": [4, 5] },
    "4": {
      "content": "{{name}}, для этого перейдите на <a href=\"http://trudinfo.h1n.ru\" target=\"_blank\">эту страницу</a>. Она содержит подробную инструкцию по использованию этого чат-бота.",
      "human": [6]
    },
    "5": { "content": "{{name}}, какой у Вас вопрос?", "human": [7] },
    "6": {
      "content": "{{name}}, мы получили Ваш вопрос! Скажите, как с Вами удобнее будет связаться?",
      "human": [8, 9]
    },
    "7": { "content": "{{name}}, укажите пожалуйста ваш телефон", "human": [10] },
    "8": { "content": "{{name}}, укажите пожалуйста ваш Email ниже", "human": [10] },
    "9": {
      "content": "Готово! {{name}}, мы свяжемся с вами в ближайшее время по {{contact}}. Всего хорошего!",
      "human": [6]
    }
  },
  "human": {
    "0": { "content": "Привет! Я рад с тобой познакомиться", "bot": 1 },
    "1": { "content": "Салют!", "bot": 2 },
    "2": { "content": "Привет, Джаред!", "bot": 2 },
    "3": { "content": "", "bot": 3, "name": "name" },
    "4": {
      "content": "Меня интересует, как я могу устроится на работу ?",
      "bot": 4
    },
    "5": { "content": "Хочу оставить резюме", "bot": 5 },
    "6": { "content": "В начало", "bot": 3 },
    "7": { "content": "", "bot": 6, "name": "" },
    "8": { "content": "по телефону", "bot": 7 },
    "9": { "content": "по email", "bot": 8 },
    "10": { "content": "", "bot": 9, "name": "contact" }
  }
}
